Id,Label,Type,entries,copies,degree,wdegree
printer:Wazir-i-Hind Press,Wazir-i-Hind Press,printer,107,178150,40,76
printer:Sri Gurmat Press,Sri Gurmat Press,printer,95,106425,40,56
printer:Mufid-i-Am Press,Mufid-i-Am Press,printer,94,164187,23,69
printer:Arya Steam Press,Arya Steam Press,printer,74,84490,29,47
printer:Bombay Press,Bombay Press,printer,61,157950,34,37
printer:Rafah-i-Am Steam Press,Rafah-i-Am Steam Press,printer,61,61500,22,35
printer:Newal Kishore Press,Newal Kishore Press,printer,60,234450,21,41
printer:Hamidiya Steam Press,Hamidiya Steam Press,printer,55,66375,18,29
printer:Dipak Rajput Printing Works,Dipak Rajput Printing Works,printer,55,73000,31,38
printer:Qaumi Press,Qaumi Press,printer,52,24300,10,36
printer:Civil and Military Gazette Press,Civil and Military Gazette Press,printer,48,46225,2,48
publisher:Civil and Military Gazette Press,Civil and Military Gazette Press,publisher,47,45925,1,47
printer:Hindustan Steam Press,Hindustan Steam Press,printer,42,90009,23,29
printer:Mujaddidi Press,Mujaddidi Press,printer,40,33225,20,27
printer:Khadim-ut-Talim Press,Khadim-ut-Talim Press,printer,38,42000,4,29
printer:Anand Prakash Press,Anand Prakash Press,printer,28,20520,10,13
publisher:Khalsa Tract Society,Khalsa Tract Society,publisher,26,57600,2,26
printer:Shahi Press,Shahi Press,printer,25,40000,15,17
printer:Punjab Printing Works,Punjab Printing Works,printer,24,46000,10,10
printer:Rajput Printing Works,Rajput Printing Works,printer,24,20500,11,11
"publisher:Nand Lal, B. A., & Co., Co-operative Works","Nand Lal, B. A., & Co., Co-operative Works",publisher,24,9600,1,24
publisher:Karkhana 'Paisa Akhbar',Karkhana 'Paisa Akhbar',publisher,22,25000,1,22
printer:Anglo-Urdu and Gurmukhi Press,Anglo-Urdu and Gurmukhi Press,printer,22,20500,11,19
printer:Vidya Sagar Press,Vidya Sagar Press,printer,21,46100,14,16
printer:Balmukand Press,Balmukand Press,printer,21,37500,8,19
publisher:The Secretary of the Fund named,The Secretary of the Fund named,publisher,20,34950,1,20
"publisher:The Vakil Trading Company, Limited","The Vakil Trading Company, Limited",publisher,20,31000,3,20
printer:Rajeshwari Press,Rajeshwari Press,printer,19,15800,7,14
publisher:Gulab Singh and Sons,Gulab Singh and Sons,publisher,19,26350,1,19
printer:Moti Press,Moti Press,printer,18,9850,11,13
printer:Punjab Economical Press,Punjab Economical Press,printer,17,19000,8,8
publisher:B. Daya Singh and Sons,B. Daya Singh and Sons,publisher,16,22500,5,16
"publisher:Bharat Literature Company, Limited","Bharat Literature Company, Limited",publisher,15,16000,4,15
printer:Himmat Press,Himmat Press,printer,15,22400,10,12
publisher:Lala Pokhar Das,Lala Pokhar Das,publisher,14,14000,2,14
printer:Imperial Book Depot Press,Imperial Book Depot Press,printer,13,19000,4,6
printer:Yusufi Press,Yusufi Press,printer,12,8125,5,10
"printer:Gurmukhi Press, Siri Guru Singh Sabha","Gurmukhi Press, Siri Guru Singh Sabha",printer,11,9550,2,3
printer:Muir Press,Muir Press,printer,10,5600,5,10
printer:Faruqi Press,Faruqi Press,printer,10,14300,2,3
printer:Silcock Press,Silcock Press,printer,9,7700,2,3
publisher:B. Hardit Singh,B. Hardit Singh,publisher,9,9000,3,9
printer:Maqbul-i-'Am Press,Maqbul-i-'Am Press,printer,8,3700,6,7
printer:Badr Press,Badr Press,printer,8,5550,4,6
printer:Rose Bazar Press,Rose Bazar Press,printer,8,10750,5,8
publisher:B. Atar Singh,B. Atar Singh,publisher,7,5850,4,7
printer:Islamia Press,Islamia Press,printer,7,7000,5,7
printer:B. Lahora Singh,B. Lahora Singh,printer,7,350,0,0
printer:Punjab Educational Printing Works,Punjab Educational Printing Works,printer,6,5000,4,5
publisher:Balak Ram Anand,Balak Ram Anand,publisher,6,4200,1,6
publisher:M. Pokhar Das,M. Pokhar Das,publisher,6,6000,1,6
"publisher:Saghir Hasan, Proprietor, Yusufi Press","Saghir Hasan, Proprietor, Yusufi Press",publisher,6,4625,1,6
"publisher:The Secretary, Orphanage","The Secretary, Orphanage",publisher,6,3000,1,6
publisher:Mian Karm-ud-din,Mian Karm-ud-din,publisher,6,15000,2,6
printer:Mohyal Mitr Press,Mohyal Mitr Press,printer,6,3500,4,5
printer:Civil and Military Organ Press,Civil and Military Organ Press,printer,5,2250,2,2
printer:Mercantile Press,Mercantile Press,printer,5,4600,1,1
printer:Mission Steam Press,Mission Steam Press,printer,5,4150,3,4
printer:Mackey Press,Mackey Press,printer,5,9100,3,3
printer:Star Press,Star Press,printer,5,6500,4,4
publisher:Karkhana Paisa Akhbar,Karkhana Paisa Akhbar,publisher,5,5000,1,5
printer:Faiz-i-'Am Press,Faiz-i-'Am Press,printer,5,2800,3,3
printer:Sadar Press,Sadar Press,printer,5,5000,3,4
printer:Vidiya Sagar Press,Vidiya Sagar Press,printer,5,5000,4,5
publisher:B. Chatar Singh Jiwan Singh,B. Chatar Singh Jiwan Singh,publisher,5,5350,3,5
printer:Arorbans Press,Arorbans Press,printer,5,3650,2,2
publisher:Jot Singh Sant Singh,Jot Singh Sant Singh,publisher,5,13500,2,5
publisher:P. Roda Ram,P. Roda Ram,publisher,5,10000,1,5
printer:Khalsa Press,Khalsa Press,printer,4,4000,2,3
printer:Islamia Steam Press,Islamia Steam Press,printer,4,4750,1,1
publisher:Hakim Ram Kishan,Hakim Ram Kishan,publisher,4,3000,3,4
printer:Roz Bazar Press,Roz Bazar Press,printer,4,2625,0,0
printer:Ansari Press,Ansari Press,printer,4,5000,2,2
"publisher:Nand Lal and Co., Co-operative Works","Nand Lal and Co., Co-operative Works",publisher,4,2800,1,4
printer:Imperial Medical Hall Press,Imperial Medical Hall Press,printer,4,3250,4,4
printer:MacKey Press,MacKey Press,printer,4,6700,1,1
publisher:Lala Devi Das and Sons,Lala Devi Das and Sons,publisher,4,6000,1,4
printer:Afzal-ul-Matabe Press,Afzal-ul-Matabe Press,printer,4,3800,2,2
publisher:B. Arjan Singh,B. Arjan Singh,publisher,4,8000,1,4
publisher:B. Jot Singh Sant Singh,B. Jot Singh Sant Singh,publisher,4,4000,2,4
publisher:M. Fateh Muhammad,M. Fateh Muhammad,publisher,4,5000,1,4
publisher:Bhai Hardit Singh,Bhai Hardit Singh,publisher,3,3000,2,3
publisher:Ram Nath,Ram Nath,publisher,3,2950,1,3
publisher:Balak Ram,Balak Ram,publisher,3,2100,1,3
publisher:Pokhar Das,Pokhar Das,publisher,3,3000,1,3
publisher:Daya Singh and Son,Daya Singh and Son,publisher,3,3000,2,3
publisher:The Sanyasi Ashram,The Sanyasi Ashram,publisher,3,10000,1,3
publisher:Christian Literature Society,Christian Literature Society,publisher,3,3000,2,3
"publisher:Sheikh Allah Bakhsh, Ilahi Bakhsh","Sheikh Allah Bakhsh, Ilahi Bakhsh",publisher,3,3000,1,3
printer:Nami Press,Nami Press,printer,3,3000,0,0
printer:Ahl-i-Hadis Press,Ahl-i-Hadis Press,printer,3,1000,1,1
printer:Artistic Printing Works,Artistic Printing Works,printer,3,2400,2,3
publisher:B. Takht Singh,B. Takht Singh,publisher,3,4800,2,3
printer:Caxton Press,Caxton Press,printer,3,3000,3,3
publisher:Haji Chiragh-ud-din Siraj-ud-din,Haji Chiragh-ud-din Siraj-ud-din,publisher,3,7000,2,3
printer:Sitara-i-Hind Press,Sitara-i-Hind Press,printer,3,6500,0,0
"publisher:Lala Maghi Ram, Sant Ram","Lala Maghi Ram, Sant Ram",publisher,3,3000,1,3
"publisher:B. Chatar Singh, Jiwan Singh","B. Chatar Singh, Jiwan Singh",publisher,3,3000,1,3
"publisher:Haji Chiragh-ud-Din, Siraj-ud-Din","Haji Chiragh-ud-Din, Siraj-ud-Din",publisher,3,6000,2,3
publisher:Pir Ghulam Muhammad,Pir Ghulam Muhammad,publisher,3,1300,1,3
publisher:Lala Lachhman Das,Lala Lachhman Das,publisher,3,3000,2,3
printer:Qasimi Press,Qasimi Press,printer,3,2300,1,1
publisher:The Punjab Text-Book Committee,The Punjab Text-Book Committee,publisher,3,3500,1,3
publisher:Bhai Daya Singh and Son,Bhai Daya Singh and Son,publisher,3,3000,2,3
publisher:B. Matab Kaur,B. Matab Kaur,publisher,3,3000,1,3
publisher:Lala Diwan Chand,Lala Diwan Chand,publisher,3,2500,2,3
publisher:B. Hakim Singh,B. Hakim Singh,publisher,3,3000,1,3
publisher:Haji Charag-ud-din-Siraj-ud-din,Haji Charag-ud-din-Siraj-ud-din,publisher,3,6000,1,3
printer:Aror Bans Press,Aror Bans Press,printer,3,2750,2,2
printer:Faiz-i-A'm Press,Faiz-i-A'm Press,printer,3,2500,2,2
publisher:The commentator,The commentator,publisher,3,2375,3,3
publisher:The Imperial Book Depot,The Imperial Book Depot,publisher,3,3000,1,3
publisher:The Christian Knowledge Society,The Christian Knowledge Society,publisher,3,900,1,3
publisher:The Anjuman-i-Rafiq-ul-Islam,The Anjuman-i-Rafiq-ul-Islam,publisher,3,4800,1,3
printer:Virjanand Press,Virjanand Press,printer,3,6000,3,3
publisher:The Temperance Society,The Temperance Society,publisher,3,3000,1,3
publisher:The Secretary of the fund named,The Secretary of the fund named,publisher,3,8000,1,3
publisher:The Scholars' Own Repository,The Scholars' Own Repository,publisher,2,1000,1,2
printer:Imperial Native Press,Imperial Native Press,printer,2,3000,0,0
publisher:Hakim Sayad Maqbul Husain,Hakim Sayad Maqbul Husain,publisher,2,1000,1,2
publisher:Bharat Literature Company,Bharat Literature Company,publisher,2,2000,2,2
publisher:Lala Ram Ditta Mal,Lala Ram Ditta Mal,publisher,2,2000,2,2
publisher:B. Sundar Singh,B. Sundar Singh,publisher,2,2200,1,2
"publisher:The Manager, Gobind Aushudhalaya","The Manager, Gobind Aushudhalaya",publisher,2,6000,1,2
publisher:The Iqbal-i-Hind Press,The Iqbal-i-Hind Press,publisher,2,2000,1,2
printer:Sri Gahir Gambhir Press,Sri Gahir Gambhir Press,printer,2,2000,1,1
publisher:Bhai Karam Singh,Bhai Karam Singh,publisher,2,2000,1,2
publisher:Umr-ud-din,Umr-ud-din,publisher,2,2000,1,2
publisher:Daya Singh and Sons,Daya Singh and Sons,publisher,2,2000,2,2
publisher:Hira Lal and Sons,Hira Lal and Sons,publisher,2,1700,1,2
printer:Gulshan-i-Punjab Press,Gulshan-i-Punjab Press,printer,2,1700,1,1
publisher:Atar Singh,Atar Singh,publisher,2,1500,1,2
publisher:Malak Ghulam Muhammad,Malak Ghulam Muhammad,publisher,2,3000,1,2
publisher:Hardit Singh,Hardit Singh,publisher,2,2000,1,2
publisher:Tirath Ram,Tirath Ram,publisher,2,1100,1,2
publisher:Hari Singh,Hari Singh,publisher,2,1000,1,2
printer:Indarprast National Press,Indarprast National Press,printer,2,1000,0,0
publisher:Lachhman Das,Lachhman Das,publisher,2,1000,2,2
publisher:Authoress,Authoress,publisher,2,2000,2,2
printer:Mission Press,Mission Press,printer,2,1500,2,2
printer:Mac Key Press,Mac Key Press,printer,2,592,0,0
publisher:M. Hira Lal and Sons,M. Hira Lal and Sons,publisher,2,4400,2,2
publisher:Abdul Ahad,Abdul Ahad,publisher,2,2050,1,2
printer:Commercial Printing Works,Commercial Printing Works,printer,2,700,1,1
"publisher:The Manager, Review of Religions, Qadian","The Manager, Review of Religions, Qadian",publisher,2,1600,1,2
publisher:G. K. Roy,G. K. Roy,publisher,2,2000,2,2
printer:New Commercial Press,New Commercial Press,printer,2,250,1,1
publisher:Amir Chand,Amir Chand,publisher,2,1500,2,2
publisher:M. Abdus Salam,M. Abdus Salam,publisher,2,3300,1,2
publisher:Sanatan Dharm Sabha,Sanatan Dharm Sabha,publisher,2,2000,2,2
printer:Jiwan Press,Jiwan Press,printer,2,1500,2,2
publisher:Hakim Ram Kishen,Hakim Ram Kishen,publisher,2,6000,1,2
publisher:The authoress,The authoress,publisher,2,2000,2,2
printer:Stara-i-Hind Press,Stara-i-Hind Press,printer,2,1500,0,0
publisher:B. Kishen Singh,B. Kishen Singh,publisher,2,1000,1,2
printer:Sirajul Matabi Press,Sirajul Matabi Press,printer,2,800,2,2
printer:Siraj-ul-Matabi Press,Siraj-ul-Matabi Press,printer,2,600,1,1
"publisher:M. Muhammad Din, Fauq","M. Muhammad Din, Fauq",publisher,2,1700,1,2
publisher:Lala Lachman Das,Lala Lachman Das,publisher,2,2000,1,2
publisher:Mir Amir Bakhsh and Sons,Mir Amir Bakhsh and Sons,publisher,2,3000,2,2
printer:Subh Press,Subh Press,printer,2,2000,0,0
publisher:The Bazm-i-Urdu,The Bazm-i-Urdu,publisher,2,6000,1,2
publisher:M. Ghulam Muhammad,M. Ghulam Muhammad,publisher,2,1550,2,2
printer:Vijaya Bharat Press,Vijaya Bharat Press,printer,2,1500,2,2
publisher:Messrs. Devi Das and Sons,Messrs. Devi Das and Sons,publisher,2,4000,1,2
publisher:The Badr Book Agency,The Badr Book Agency,publisher,2,1400,1,2
printer:Mujadaddi Press,Mujadaddi Press,printer,2,1775,1,1
printer:Magazine Press,Magazine Press,printer,2,1200,1,1
publisher:M. Shaikh Muhammad Chittu,M. Shaikh Muhammad Chittu,publisher,2,1000,1,2
"publisher:Edited and published by B. Takht Singh, Sikh Kanniya Maha Vidyalya","Edited and published by B. Takht Singh, Sikh Kanniya Maha Vidyalya",publisher,2,3600,1,2
publisher:Rai Sahib Munshi Gulab Singh and Sons,Rai Sahib Munshi Gulab Singh and Sons,publisher,2,1500,1,2
publisher:Mian Fazl Ahad and Abdul Rahim,Mian Fazl Ahad and Abdul Rahim,publisher,2,6000,1,2
publisher:The Khalsa Agency,The Khalsa Agency,publisher,2,1000,1,2
publisher:B. Ladha Singh,B. Ladha Singh,publisher,2,11000,2,2
publisher:The Panch Khalsa Agency,The Panch Khalsa Agency,publisher,2,1000,1,2
publisher:B. Chatar Singh-Jiwan Singh,B. Chatar Singh-Jiwan Singh,publisher,2,2000,2,2
"publisher:Malak Fazl-ud-din, Chanan Din and Taj-ud-din","Malak Fazl-ud-din, Chanan Din and Taj-ud-din",publisher,2,6000,1,2
"publisher:B. Ratan Chand, Secretary of the Patshala","B. Ratan Chand, Secretary of the Patshala",publisher,2,400,1,2
publisher:Malak Shah Din,Malak Shah Din,publisher,2,2000,1,2
printer:Sanatan Dharam Press,Sanatan Dharam Press,printer,2,2275,0,0
publisher:M. Karm-ud-din,M. Karm-ud-din,publisher,2,5009,2,2
publisher:Munshi Din Muhammad,Munshi Din Muhammad,publisher,2,2000,1,2
publisher:Badr Book Agency,Badr Book Agency,publisher,2,2800,1,2
printer:Rawalpindi Press,Rawalpindi Press,printer,2,850,0,0
printer:Aftab-i-Punjab Press,Aftab-i-Punjab Press,printer,2,1400,0,0
"publisher:Lala Gauri Shankar Lal, Manager, Sadhu and Tatv Darshi","Lala Gauri Shankar Lal, Manager, Sadhu and Tatv Darshi",publisher,2,3000,1,2
publisher:Pandit Roda Ram,Pandit Roda Ram,publisher,2,6000,1,2
"publisher:P. Roda Ram, Gaindar","P. Roda Ram, Gaindar",publisher,2,4000,1,2
publisher:The Punjabi Prachar Book Agency,The Punjabi Prachar Book Agency,publisher,2,2000,1,2
publisher:B. Labh Singh and Sons,B. Labh Singh and Sons,publisher,2,2000,1,2
publisher:M. Muhammad Muazzam,M. Muhammad Muazzam,publisher,2,4000,1,2
publisher:The Sikh Hand-bill Committee,The Sikh Hand-bill Committee,publisher,2,40000,1,2
publisher:B. Daya Singh,B. Daya Singh,publisher,2,2000,2,2
printer:Egerton Press,Egerton Press,printer,1,30000,1,1
"publisher:The Manager, Egerton Press","The Manager, Egerton Press",publisher,1,30000,1,1
printer:New Albion Press,New Albion Press,printer,1,1000,0,0
"publisher:Jot Singh, Sant Singh","Jot Singh, Sant Singh",publisher,1,3000,1,1
publisher:B. L. Suri,B. L. Suri,publisher,1,1000,1,1
"publisher:Manager, 'The Civil and Military Gazette' Press","Manager, 'The Civil and Military Gazette' Press",publisher,1,300,1,1
printer:Panjabee Steam Press,Panjabee Steam Press,printer,1,500,1,1
publisher:'Panjabee' Press,'Panjabee' Press,publisher,1,500,1,1
printer:Popular Press,Popular Press,printer,1,500,1,1
"publisher:Lala Mukand Lal, Bhatia","Lala Mukand Lal, Bhatia",publisher,1,500,1,1
"publisher:The Institute of Occult Science Limited, Jagdeo Kalan, Amritsar","The Institute of Occult Science Limited, Jagdeo Kalan, Amritsar",publisher,1,1000,1,1
"publisher:Hakim Sayad Maqbul Husain, Proprietor, Maqbul-i-'Am Press","Hakim Sayad Maqbul Husain, Proprietor, Maqbul-i-'Am Press",publisher,1,500,1,1
"publisher:Secretary, Pinjra Pol","Secretary, Pinjra Pol",publisher,1,400,1,1
"publisher:Babu Bhagwan Das, Manager, Rishi Kesh","Babu Bhagwan Das, Manager, Rishi Kesh",publisher,1,500,1,1
publisher:Bal Chandr,Bal Chandr,publisher,1,2000,1,1
publisher:Kanniya Maha Viddiyalaya,Kanniya Maha Viddiyalaya,publisher,1,1000,1,1
publisher:Seth Hira Chand Sacheti,Seth Hira Chand Sacheti,publisher,1,2000,1,1
publisher:Attar Chand Kapur and Sons,Attar Chand Kapur and Sons,publisher,1,3000,1,1
publisher:Pandit Sant Ram,Pandit Sant Ram,publisher,1,1000,1,1
publisher:Mehta Anand Kishore Brothers,Mehta Anand Kishore Brothers,publisher,1,2000,1,1
publisher:Bhai Chatar Singh Jiwan Singh,Bhai Chatar Singh Jiwan Singh,publisher,1,1000,1,1
publisher:Bhai Bahadur Singh,Bhai Bahadur Singh,publisher,1,1000,1,1
"publisher:Brij Lal, Secretary, Vedic Putri Pathshahla","Brij Lal, Secretary, Vedic Putri Pathshahla",publisher,1,1000,1,1
publisher:The Sat Bivharak Agency,The Sat Bivharak Agency,publisher,1,1000,1,1
"publisher:Bhai Sham Singh, barber, Mahesri","Bhai Sham Singh, barber, Mahesri",publisher,1,1000,1,1
"publisher:B. Teja Singh, Honorary Secretary, Sikh Parivar Sahaik Deg, Gujranwala","B. Teja Singh, Honorary Secretary, Sikh Parivar Sahaik Deg, Gujranwala",publisher,1,1000,1,1
publisher:K. S. Multani & Co.,K. S. Multani & Co.,publisher,1,1000,1,1
"publisher:Bhai Teja Singh, Honorary Secretary, Sikh Parivar Sahaik Deg, Gujranwala","Bhai Teja Singh, Honorary Secretary, Sikh Parivar Sahaik Deg, Gujranwala",publisher,1,1000,1,1
"publisher:Bhai Budh Singh, Battalion No. 126","Bhai Budh Singh, Battalion No. 126",publisher,1,1000,1,1
publisher:Gurmukh Singh and Sons,Gurmukh Singh and Sons,publisher,1,1000,1,1
publisher:Bhai Labh Singh and Sons,Bhai Labh Singh and Sons,publisher,1,1000,1,1
printer:Narendar Press,Narendar Press,printer,1,500,1,1
publisher:Karam Singh,Karam Singh,publisher,1,500,1,1
"publisher:Subedar-Major B. Bahal Singh, Malaya","Subedar-Major B. Bahal Singh, Malaya",publisher,1,1000,1,1
publisher:Bhai Gajan Singh,Bhai Gajan Singh,publisher,1,1000,1,1
publisher:Harnam Das Partap Singh,Harnam Das Partap Singh,publisher,1,1000,1,1
publisher:Bhai Arjan Singh,Bhai Arjan Singh,publisher,1,1000,1,1
publisher:Lala Daulat Ram,Lala Daulat Ram,publisher,1,1000,1,1
publisher:Sawami Bishan Das,Sawami Bishan Das,publisher,1,1000,1,1
publisher:Kavi Chatrik,Kavi Chatrik,publisher,1,1000,1,1
publisher:Lala Munshi Ram,Lala Munshi Ram,publisher,1,1000,1,1
publisher:Bhai Ladha Singh,Bhai Ladha Singh,publisher,1,1000,1,1
publisher:Muhammad Bakhsh Fazl Hussain,Muhammad Bakhsh Fazl Hussain,publisher,1,5000,1,1
publisher:Muhammad Bakhsh Fazl-i-Hussain,Muhammad Bakhsh Fazl-i-Hussain,publisher,1,1000,1,1
publisher:M. Muhammad Bakhsh Fazl Hussain,M. Muhammad Bakhsh Fazl Hussain,publisher,1,7000,1,1
publisher:Shaikh Umr-ud-din,Shaikh Umr-ud-din,publisher,1,500,1,1
publisher:Allah Bakhsh Ilahi Bakhsh,Allah Bakhsh Ilahi Bakhsh,publisher,1,1000,1,1
"publisher:Buta Mal, Anand","Buta Mal, Anand",publisher,1,700,1,1
publisher:Shambhu Nath,Shambhu Nath,publisher,1,3000,1,1
publisher:Shambu Nath,Shambu Nath,publisher,1,2100,1,1
"publisher:Fakir Muhammad Sharif, Gakhar Chima, Gujranwala district","Fakir Muhammad Sharif, Gakhar Chima, Gujranwala district",publisher,1,500,1,1
publisher:Fazal-i-Haq,Fazal-i-Haq,publisher,1,500,1,1
"publisher:Shah Din, Iqbalganj Street","Shah Din, Iqbalganj Street",publisher,1,500,1,1
"publisher:Balak Ram, Anand","Balak Ram, Anand",publisher,1,700,1,1
publisher:Kishen Singh,Kishen Singh,publisher,1,700,1,1
publisher:Sant Ram and Maghi Ram,Sant Ram and Maghi Ram,publisher,1,2000,1,1
publisher:Bhai Jot Singh Sant Singh,Bhai Jot Singh Sant Singh,publisher,1,3000,1,1
publisher:Bhai Kishan Singh and Hardit Singh,Bhai Kishan Singh and Hardit Singh,publisher,1,2500,1,1
publisher:Khalsa Dharam Shastr Committee,Khalsa Dharam Shastr Committee,publisher,1,200,1,1
publisher:D. A.-V. College,D. A.-V. College,publisher,1,1000,1,1
"publisher:Shah Din, Iqbal Ganj Street","Shah Din, Iqbal Ganj Street",publisher,1,250,1,1
"publisher:Mr. Hari Singh, Sakhkhar","Mr. Hari Singh, Sakhkhar",publisher,1,500,1,1
"publisher:Abdul Aziz, Ghulam Muhammad, Muhi-ud-din","Abdul Aziz, Ghulam Muhammad, Muhi-ud-din",publisher,1,1000,1,1
publisher:M. Muzaffar-ud-din,M. Muzaffar-ud-din,publisher,1,1000,1,1
"publisher:Abu Muhammad Muhi-ud-din, Sarai Bal","Abu Muhammad Muhi-ud-din, Sarai Bal",publisher,1,750,1,1
"publisher:Hakim Ram Kishen, Shah Alami Gate","Hakim Ram Kishen, Shah Alami Gate",publisher,1,1000,1,1
publisher:Karkhana 'Paisa Akhbar' office,Karkhana 'Paisa Akhbar' office,publisher,1,1000,1,1
publisher:Lachman Das,Lachman Das,publisher,1,500,1,1
publisher:Baini Ram and sons,Baini Ram and sons,publisher,1,500,1,1
"publisher:Saghir Hassan, Proprietor, Yusufi Press","Saghir Hassan, Proprietor, Yusufi Press",publisher,1,500,1,1
printer:Delhi Gazette Press,Delhi Gazette Press,printer,1,1000,1,1
publisher:Presbyterian Church of India,Presbyterian Church of India,publisher,1,500,1,1
printer:Jalwa-i-Tur Press,Jalwa-i-Tur Press,printer,1,500,0,0
publisher:Pandit Dharam Dev,Pandit Dharam Dev,publisher,1,1000,1,1
"publisher:Manager, Chawla Iron Works","Manager, Chawla Iron Works",publisher,1,1000,1,1
publisher:Muhammad Mazhar,Muhammad Mazhar,publisher,1,1000,1,1
printer:Kishan Press,Kishan Press,printer,1,700,0,0
"publisher:Nand Lal, B.A., and Co., Co-operative Works","Nand Lal, B.A., and Co., Co-operative Works",publisher,1,400,1,1
"publisher:Lala Nand Lal and Co., Co-operative Works","Lala Nand Lal and Co., Co-operative Works",publisher,1,400,1,1
"publisher:Lala Nand Lal, B.A., and Co., Co-operative Works","Lala Nand Lal, B.A., and Co., Co-operative Works",publisher,1,500,1,1
publisher:Karkhana Khadim-ut-Talim Press,Karkhana Khadim-ut-Talim Press,publisher,1,2000,1,1
"publisher:Bhagwan Das, Sethi, Manager, of the Asylum","Bhagwan Das, Sethi, Manager, of the Asylum",publisher,1,700,1,1
"publisher:M. Muhammad Yahya, Muhammad Ashraf","M. Muhammad Yahya, Muhammad Ashraf",publisher,1,1000,1,1
"publisher:Lala Naubat Rai, Head Master of the School","Lala Naubat Rai, Head Master of the School",publisher,1,500,1,1
"publisher:Umr-ud-din, Faiz-i-'Am Press","Umr-ud-din, Faiz-i-'Am Press",publisher,1,300,1,1
printer:Narendr Press,Narendr Press,printer,1,5000,1,1
publisher:Sulh-i-Kul Agency,Sulh-i-Kul Agency,publisher,1,5000,1,1
"publisher:Muhammad Yahya, Muhammad Ashraf","Muhammad Yahya, Muhammad Ashraf",publisher,1,1000,1,1
publisher:Sheikh Abdur Rahim and Imam Bakhsh,Sheikh Abdur Rahim and Imam Bakhsh,publisher,1,1000,1,1
"publisher:M. Afzal Hussain, Municipal Commissioner","M. Afzal Hussain, Municipal Commissioner",publisher,1,1000,1,1
publisher:Suhrab Ji,Suhrab Ji,publisher,1,750,1,1
"publisher:Muhammad Bakhsh, Fazl Hussain","Muhammad Bakhsh, Fazl Hussain",publisher,1,1000,1,1
"publisher:The Vakil Trading Co., Limited","The Vakil Trading Co., Limited",publisher,1,2000,1,1
"publisher:Abdul Wahid Haji, Bible Reformer","Abdul Wahid Haji, Bible Reformer",publisher,1,800,1,1
"publisher:Sayad Saghir Hassan, Proprietor, Yusufi Press","Sayad Saghir Hassan, Proprietor, Yusufi Press",publisher,1,500,1,1
"publisher:Christian Literature Society for India, Punjab Branch","Christian Literature Society for India, Punjab Branch",publisher,1,1000,1,1
publisher:Hafiz Abdul Gaffar,Hafiz Abdul Gaffar,publisher,1,2000,1,1
publisher:Anjuman-i-Rafiq-ul-Islam,Anjuman-i-Rafiq-ul-Islam,publisher,1,3000,1,1
"publisher:Bhai Jot Singh, Sant Singh","Bhai Jot Singh, Sant Singh",publisher,1,1000,1,1
printer:New Lyall Press,New Lyall Press,printer,1,5000,1,1
"publisher:Maula Bakhsh, The New Lyall Press","Maula Bakhsh, The New Lyall Press",publisher,1,5000,1,1
publisher:Ali Muhammad alias Ali Bakhsh,Ali Muhammad alias Ali Bakhsh,publisher,1,500,1,1
publisher:Q. Rahmatullah,Q. Rahmatullah,publisher,1,1000,1,1
printer:Manba-i-Faiz Press,Manba-i-Faiz Press,printer,1,1000,1,1
"publisher:Bashir-ud-din, shoe merchant","Bashir-ud-din, shoe merchant",publisher,1,1000,1,1
"publisher:Sayad Saghir Hasan, Proprietor, Yusufi Press","Sayad Saghir Hasan, Proprietor, Yusufi Press",publisher,1,500,1,1
"publisher:The Manager, Shri Krishen Book Depot","The Manager, Shri Krishen Book Depot",publisher,1,1000,1,1
publisher:Pokhar Das Tanwar Das,Pokhar Das Tanwar Das,publisher,1,1000,1,1
publisher:Beni Ram,Beni Ram,publisher,1,2000,1,1
publisher:M. Faiz-ul-Hasan,M. Faiz-ul-Hasan,publisher,1,1000,1,1
publisher:Diwan Maya Das,Diwan Maya Das,publisher,1,500,1,1
"publisher:The Manager, Review of Religions, Qadian, Gurdaspur district","The Manager, Review of Religions, Qadian, Gurdaspur district",publisher,1,800,1,1
"publisher:B. Narayan Singh, Pleader (ed. & pub.)","B. Narayan Singh, Pleader (ed. & pub.)",publisher,1,400,1,1
publisher:Adjutant-General in India,Adjutant-General in India,publisher,1,50,1,1
printer:Punjab Steam Press,Punjab Steam Press,printer,1,1020,1,1
publisher:K. R. Khosla and Brother,K. R. Khosla and Brother,publisher,1,1020,1,1
publisher:Sayad Abdus Salam,Sayad Abdus Salam,publisher,1,1300,1,1
publisher:Mian Karam-ud-din,Mian Karam-ud-din,publisher,1,1000,1,1
printer:Bombay Machine Press,Bombay Machine Press,printer,1,1000,0,0
publisher:Muhammad Abdul Hazi and Pir Ghulam Muhammad,Muhammad Abdul Hazi and Pir Ghulam Muhammad,publisher,1,375,1,1
publisher:Sadar Anjuman Ahmadiya,Sadar Anjuman Ahmadiya,publisher,1,400,1,1
publisher:M. Bulaqi Das,M. Bulaqi Das,publisher,1,600,1,1
publisher:Pandit Guru Datta,Pandit Guru Datta,publisher,1,2000,1,1
publisher:Kanniya Maha Vidiyalaya,Kanniya Maha Vidiyalaya,publisher,1,6000,1,1
"publisher:Secretary, Jain Sabha","Secretary, Jain Sabha",publisher,1,1000,1,1
"publisher:B. Jaswant Rai, Jaini","B. Jaswant Rai, Jaini",publisher,1,1000,1,1
printer:Punjab Commercial Press,Punjab Commercial Press,printer,1,500,0,0
publisher:B. Amar Singh,B. Amar Singh,publisher,1,1000,1,1
printer:Faiz-i-Am Press,Faiz-i-Am Press,printer,1,1000,1,1
"publisher:Maghi Ram, Sant Ram","Maghi Ram, Sant Ram",publisher,1,1500,1,1
publisher:Barkat Agency,Barkat Agency,publisher,1,600,1,1
publisher:Sri Guru Arjan Club,Sri Guru Arjan Club,publisher,1,1000,1,1
publisher:B. Hardit Singh and Rai Bahadur Mehr Singh,B. Hardit Singh and Rai Bahadur Mehr Singh,publisher,1,1000,1,1
publisher:Khalsa Updeshak College,Khalsa Updeshak College,publisher,1,1000,1,1
publisher:B. Chatar Singh and Jiwan Singh,B. Chatar Singh and Jiwan Singh,publisher,1,1000,1,1
"publisher:Bhai Chatar Singh, Jiwan Singh","Bhai Chatar Singh, Jiwan Singh",publisher,1,1500,1,1
publisher:B. Jawahar Singh,B. Jawahar Singh,publisher,1,187,1,1
printer:Vidva Sagar Press,Vidva Sagar Press,printer,1,300,1,1
publisher:The Manager of the Aushadalaya,The Manager of the Aushadalaya,publisher,1,300,1,1
"publisher:Sardar Sant Singh and Sardar Harbans Singh, Khost Colliery","Sardar Sant Singh and Sardar Harbans Singh, Khost Colliery",publisher,1,2000,1,1
publisher:B. Gurmukh Singh and Sons,B. Gurmukh Singh and Sons,publisher,1,1000,1,1
"publisher:B. Mehr Abnashi, Laveri, district Gujranwala","B. Mehr Abnashi, Laveri, district Gujranwala",publisher,1,1000,1,1
publisher:Translated and published by B. Harnam Singh,Translated and published by B. Harnam Singh,publisher,1,1000,1,1
publisher:B. Harnam Singh and Moti Singh,B. Harnam Singh and Moti Singh,publisher,1,1000,1,1
publisher:Gurmat Granth Pracharni Sabha,Gurmat Granth Pracharni Sabha,publisher,1,1000,1,1
publisher:B. Yoga Nand,B. Yoga Nand,publisher,1,2000,1,1
printer:Ecconomical Press,Ecconomical Press,printer,1,1000,1,1
publisher:Malik Fateh Chand,Malik Fateh Chand,publisher,1,1000,1,1
publisher:Lala Shiv Das,Lala Shiv Das,publisher,1,5000,1,1
publisher:B. Nirinjan Singh and Jowala Singh,B. Nirinjan Singh and Jowala Singh,publisher,1,500,1,1
publisher:B. Niranjan Singh and Jowala Singh,B. Niranjan Singh and Jowala Singh,publisher,1,500,1,1
publisher:B. Attar Singh,B. Attar Singh,publisher,1,1000,1,1
publisher:M. Kazim Ali and Ghulam Ali,M. Kazim Ali and Ghulam Ali,publisher,1,1000,1,1
publisher:B. Mota Singh,B. Mota Singh,publisher,1,1000,1,1
"publisher:B. Hardit Singh, Harnam Singh","B. Hardit Singh, Harnam Singh",publisher,1,1000,1,1
publisher:B. Jawand Singh,B. Jawand Singh,publisher,1,1000,1,1
publisher:Lala Gobind Ram,Lala Gobind Ram,publisher,1,500,1,1
publisher:Kanniya Mahan Vidyalaya,Kanniya Mahan Vidyalaya,publisher,1,3000,1,1
"publisher:Bhujangi Club of the Khalsa Updeshak College, Gujranwala Orphanage","Bhujangi Club of the Khalsa Updeshak College, Gujranwala Orphanage",publisher,1,1000,1,1
"publisher:The Bhujhangi Club, Khalsa Updeshak College","The Bhujhangi Club, Khalsa Updeshak College",publisher,1,1000,1,1
publisher:The Khalsa National Agency,The Khalsa National Agency,publisher,1,2000,1,1
"publisher:Lala Diwan Chand, Proprietor of the T. C. Gujrati Book Depot","Lala Diwan Chand, Proprietor of the T. C. Gujrati Book Depot",publisher,1,1000,1,1
"publisher:B. Jot Singh, Sant Singh","B. Jot Singh, Sant Singh",publisher,1,1500,1,1
publisher:B. Waryam Singh,B. Waryam Singh,publisher,1,600,1,1
"publisher:B. Dhayan Singh, Jai Singh","B. Dhayan Singh, Jai Singh",publisher,1,750,1,1
publisher:Ch. Balak Ram Anand,Ch. Balak Ram Anand,publisher,1,700,1,1
publisher:Lala Balak Ram Anand,Lala Balak Ram Anand,publisher,1,700,1,1
"publisher:Haji Chirag-ud-din, Siraj-ud-din","Haji Chirag-ud-din, Siraj-ud-din",publisher,1,4000,1,1
publisher:Bhagwan Das,Bhagwan Das,publisher,1,400,1,1
"publisher:M. Muhammad Fazal Haq, Qusuri","M. Muhammad Fazal Haq, Qusuri",publisher,1,4000,1,1
publisher:Karam-ud-din,Karam-ud-din,publisher,1,3000,1,1
"publisher:M. Muhammad Abdullah, Haji Muhammad","M. Muhammad Abdullah, Haji Muhammad",publisher,1,1000,1,1
publisher:Lala Gyan Chand,Lala Gyan Chand,publisher,1,1000,1,1
"publisher:P. Narinjan Das and Hayat Muhammad, tailor","P. Narinjan Das and Hayat Muhammad, tailor",publisher,1,400,1,1
"publisher:Ghulam Hussain, post man","Ghulam Hussain, post man",publisher,1,400,1,1
publisher:Haji Chiragh-ud-Din Siraj-ud-Din,Haji Chiragh-ud-Din Siraj-ud-Din,publisher,1,4000,1,1
publisher:Shaih Abdur Rahman Habib-ur-Rahman,Shaih Abdur Rahman Habib-ur-Rahman,publisher,1,1000,1,1
publisher:Mian Karm-ud-Din,Mian Karm-ud-Din,publisher,1,3000,1,1
publisher:L. Pokhar Das,L. Pokhar Das,publisher,1,1000,1,1
publisher:Akhond Muhammad Yusaf,Akhond Muhammad Yusaf,publisher,1,250,1,1
publisher:Munshi Pokhar Das,Munshi Pokhar Das,publisher,1,1090,1,1
"publisher:Muhammad Khair-ud-din, Muhammad Fakhr ud-din, Muhammad Bashir-ud-din","Muhammad Khair-ud-din, Muhammad Fakhr ud-din, Muhammad Bashir-ud-din",publisher,1,500,1,1
publisher:Muhammad Abdul Haji and Pir Ghulam Muhammad,Muhammad Abdul Haji and Pir Ghulam Muhammad,publisher,1,375,1,1
publisher:Diwan Chhajju Singh,Diwan Chhajju Singh,publisher,1,400,1,1
publisher:Pir Ghulam Muhammad and Baba Abdus Samad,Pir Ghulam Muhammad and Baba Abdus Samad,publisher,1,375,1,1
publisher:M. Allah Ditta,M. Allah Ditta,publisher,1,300,1,1
publisher:Lala Amar Chand,Lala Amar Chand,publisher,1,1000,1,1
publisher:M. Hira Lal,M. Hira Lal,publisher,1,1000,1,1
publisher:B. Jot Singh,B. Jot Singh,publisher,1,1000,1,1
printer:Mufid-i-'Am Steam Press,Mufid-i-'Am Steam Press,printer,1,1050,1,1
publisher:M. Khair-ud-din Sabir,M. Khair-ud-din Sabir,publisher,1,1050,1,1
"publisher:M. Hamid Ali, Chishti","M. Hamid Ali, Chishti",publisher,1,200,1,1
publisher:Messrs. Atar Chand Kapur and Sons,Messrs. Atar Chand Kapur and Sons,publisher,1,3000,1,1
"publisher:The Secretary, Arya Priti Nidhi, Sabha, Punjab","The Secretary, Arya Priti Nidhi, Sabha, Punjab",publisher,1,500,1,1
publisher:Radha Kishan and Devi Chand,Radha Kishan and Devi Chand,publisher,1,200,1,1
"publisher:The U. P. Synod, Punjab","The U. P. Synod, Punjab",publisher,1,150,1,1
publisher:Sayad Maqbul Husain,Sayad Maqbul Husain,publisher,1,500,1,1
publisher:Anwar Hussain Ahmadi,Anwar Hussain Ahmadi,publisher,1,150,1,1
publisher:The Secretary of the Pathshala,The Secretary of the Pathshala,publisher,1,500,1,1
"publisher:L. R. Malak, Managing Director","L. R. Malak, Managing Director",publisher,1,1000,1,1
publisher:The Bharat Literature Company Limited,The Bharat Literature Company Limited,publisher,1,1000,1,1
publisher:Sardar Aya Singh,Sardar Aya Singh,publisher,1,2000,1,1
printer:Faryadras Press,Faryadras Press,printer,1,750,0,0
printer:Ahl-i-Fikah Press,Ahl-i-Fikah Press,printer,1,550,1,1
publisher:Muhammad Abdul Aziz,Muhammad Abdul Aziz,publisher,1,550,1,1
"publisher:Nand Lal, B.A., & Co., Co-operative Works","Nand Lal, B.A., & Co., Co-operative Works",publisher,1,400,1,1
printer:Zaban Press,Zaban Press,printer,1,500,1,1
printer:Temple Printing Press,Temple Printing Press,printer,1,500,0,0
"publisher:Lala Kanhaya Lal, Manager, Martand","Lala Kanhaya Lal, Manager, Martand",publisher,1,1000,1,1
publisher:Sheikh Abdur Rahman Habibur Rahman,Sheikh Abdur Rahman Habibur Rahman,publisher,1,1000,1,1
publisher:M. Karam Din,M. Karam Din,publisher,1,2000,1,1
"publisher:Muhammad Mohsin, Jamna Das","Muhammad Mohsin, Jamna Das",publisher,1,500,1,1
printer:Maqbul-i-Am Press,Maqbul-i-Am Press,printer,1,500,1,1
publisher:S. Maqbul Hussain,S. Maqbul Hussain,publisher,1,500,1,1
"publisher:Muhammad Khair-ud-din, Muhammad Fakhr-ud-din, Muhammad Bashir-ud-din","Muhammad Khair-ud-din, Muhammad Fakhr-ud-din, Muhammad Bashir-ud-din",publisher,1,500,1,1
publisher:S. M. Shahbaz,S. M. Shahbaz,publisher,1,1000,1,1
publisher:M. Siraj-ud-din Chiragh-ud-din,M. Siraj-ud-din Chiragh-ud-din,publisher,1,2000,1,1
"publisher:Ganga Ram, L., Sub-Overseer","Ganga Ram, L., Sub-Overseer",publisher,1,2000,1,1
publisher:Din Muhammad,Din Muhammad,publisher,1,1000,1,1
publisher:S. N. Shahbaz,S. N. Shahbaz,publisher,1,1000,1,1
publisher:Haji Chiragh-ud-din Saraj-ud-din,Haji Chiragh-ud-din Saraj-ud-din,publisher,1,1000,1,1
printer:Badar Press,Badar Press,printer,1,1600,1,1
publisher:M. Muhammad Sadiq,M. Muhammad Sadiq,publisher,1,1600,1,1
publisher:Munshi Hira Lal,Munshi Hira Lal,publisher,1,1000,1,1
"publisher:Pir Ghulam Muhammad, Abdul Hayi and Ghulam Muhi-ud-din","Pir Ghulam Muhammad, Abdul Hayi and Ghulam Muhi-ud-din",publisher,1,375,1,1
printer:Zaia-ul-Islam Press,Zaia-ul-Islam Press,printer,1,2100,1,1
publisher:Munshi Fazl Din,Munshi Fazl Din,publisher,1,2100,1,1
publisher:Mirza Abdul Ghafur,Mirza Abdul Ghafur,publisher,1,1300,1,1
publisher:M. Abdul Ghafur,M. Abdul Ghafur,publisher,1,1300,1,1
printer:Balmokand Press,Balmokand Press,printer,1,1000,0,0
"publisher:Lala Bulaqi Das, Proprietor, Muir Press","Lala Bulaqi Das, Proprietor, Muir Press",publisher,1,500,1,1
publisher:Rai Sahib Munshi Gulab Singh & Sons,Rai Sahib Munshi Gulab Singh & Sons,publisher,1,500,1,1
publisher:Attar Chand Kapur & Sons,Attar Chand Kapur & Sons,publisher,1,500,1,1
"publisher:Attar Chand, Kapur","Attar Chand, Kapur",publisher,1,1000,1,1
printer:Central Press,Central Press,printer,1,1500,1,1
publisher:Editorial Staff of the 'Practical Medicine',Editorial Staff of the 'Practical Medicine',publisher,1,1500,1,1
"publisher:Mr. C. H. C. Sharp, M.A.","Mr. C. H. C. Sharp, M.A.",publisher,1,250,1,1
"publisher:Sadhu Singh, Sewa Singh","Sadhu Singh, Sewa Singh",publisher,1,8000,1,1
"publisher:""Practical Medicine""","""Practical Medicine""",publisher,1,2000,1,1
publisher:Maulavi Muhammad Muazzam,Maulavi Muhammad Muazzam,publisher,1,6000,1,1
"publisher:Shaikh Muhammad Jamil, Honorary Magistrate","Shaikh Muhammad Jamil, Honorary Magistrate",publisher,1,500,1,1
publisher:M. Abdul Haunan,M. Abdul Haunan,publisher,1,1500,1,1
printer:Universal Press,Universal Press,printer,1,1000,1,1
publisher:Amritsar Nagri Pracharani Sabha,Amritsar Nagri Pracharani Sabha,publisher,1,1000,1,1
publisher:Imperial Book Depot,Imperial Book Depot,publisher,1,1000,1,1
publisher:Mair and Tank Rajput Sabha,Mair and Tank Rajput Sabha,publisher,1,1000,1,1
"publisher:The Young Men Arya Samaj, D.A.-V. High School Boarding House","The Young Men Arya Samaj, D.A.-V. High School Boarding House",publisher,1,1000,1,1
publisher:Pandit Kishan Lal,Pandit Kishan Lal,publisher,1,100,1,1
publisher:Attar Chand Kapur,Attar Chand Kapur,publisher,1,3000,1,1
"publisher:B. Guru Prasann Hari, Suri","B. Guru Prasann Hari, Suri",publisher,1,1000,1,1
"publisher:Lala Bishen Das, Puri, M.A.","Lala Bishen Das, Puri, M.A.",publisher,1,500,1,1
"publisher:The Nagri Pracharni Company, Limited","The Nagri Pracharni Company, Limited",publisher,1,1100,1,1
"publisher:B. Sham Das, Wadhwa and Mahant Datt, Raj Vaid","B. Sham Das, Wadhwa and Mahant Datt, Raj Vaid",publisher,1,1000,1,1
printer:Sir Gurmat Press,Sir Gurmat Press,printer,1,250,0,0
publisher:The Sikh Hand Bill Committee,The Sikh Hand Bill Committee,publisher,1,20000,1,1
publisher:B. Shiv Sham Singh,B. Shiv Sham Singh,publisher,1,500,1,1
"publisher:Lala Sham Das, Vadhwa","Lala Sham Das, Vadhwa",publisher,1,1000,1,1
publisher:The Sikh Hand bill Committee,The Sikh Hand bill Committee,publisher,1,20000,1,1
publisher:Lala Salag Ram,Lala Salag Ram,publisher,1,1000,1,1
publisher:B. Harnam Singh,B. Harnam Singh,publisher,1,1000,1,1
publisher:Malik Ghulam Muhammad,Malik Ghulam Muhammad,publisher,1,3000,1,1
"publisher:Lala Balak Ram, Anand","Lala Balak Ram, Anand",publisher,1,1000,1,1
"publisher:B. Ladha Singh, Kukreja and Son","B. Ladha Singh, Kukreja and Son",publisher,1,1200,1,1
publisher:B. Dalail Singh,B. Dalail Singh,publisher,1,1000,1,1
publisher:B. Kishan Singh,B. Kishan Singh,publisher,1,1000,1,1
"publisher:Bhai Kishan Singh, Drummer Battalion, No. 31","Bhai Kishan Singh, Drummer Battalion, No. 31",publisher,1,1000,1,1
publisher:B. Gulab Singh,B. Gulab Singh,publisher,1,1000,1,1
publisher:Sadhu Hari Das,Sadhu Hari Das,publisher,1,1000,1,1
"publisher:B. Wazir Singh, Manager, Gurmukhi Press","B. Wazir Singh, Manager, Gurmukhi Press",publisher,1,500,1,1
publisher:B. Jot Singh and B. Sant Singh,B. Jot Singh and B. Sant Singh,publisher,1,1000,1,1
publisher:Lala Chajju Ram,Lala Chajju Ram,publisher,1,1000,1,1
publisher:The commentator and B. Chatar Singh Jiwan Singh,The commentator and B. Chatar Singh Jiwan Singh,publisher,1,1000,1,1
publisher:The Singh Sabha,The Singh Sabha,publisher,1,5000,1,1
publisher:Sayad Muhammad Yusuf and Abdul Hakim,Sayad Muhammad Yusuf and Abdul Hakim,publisher,1,4000,1,1
publisher:Bhai Sadhu Singh Sewa Singh,Bhai Sadhu Singh Sewa Singh,publisher,1,1000,1,1
publisher:Haji Charag ud-din Siraj-ud-din,Haji Charag ud-din Siraj-ud-din,publisher,1,1000,1,1
publisher:Ayurvedic Rajendra Aushadhalaya,Ayurvedic Rajendra Aushadhalaya,publisher,1,1000,1,1
publisher:Shams-ud-din-Munawar-ud-din,Shams-ud-din-Munawar-ud-din,publisher,1,1000,1,1
publisher:Attar Singh,Attar Singh,publisher,1,550,1,1
publisher:M. Imam-ud-din,M. Imam-ud-din,publisher,1,1000,1,1
publisher:Lala Jagan Nath,Lala Jagan Nath,publisher,1,1000,1,1
publisher:Allah Bakhsh-Ilahi Bakhsh,Allah Bakhsh-Ilahi Bakhsh,publisher,1,1000,1,1
publisher:Abdul Aziz Khan and Abdul Ghani Khan,Abdul Aziz Khan and Abdul Ghani Khan,publisher,1,1100,1,1
publisher:Sheikh Muhammad Bakhsh Fazl-i-Hussain,Sheikh Muhammad Bakhsh Fazl-i-Hussain,publisher,1,1000,1,1
publisher:M. Muhammad Abdul Aziz,M. Muhammad Abdul Aziz,publisher,1,2000,1,1
"publisher:Shams-ud-din, Munawwar-ud-din and Hamid-ud-din","Shams-ud-din, Munawwar-ud-din and Hamid-ud-din",publisher,1,1000,1,1
printer:Rafiq-i-'Am Press,Rafiq-i-'Am Press,printer,1,500,0,0
publisher:Jalal-ud-din,Jalal-ud-din,publisher,1,1000,1,1
"publisher:M. Charagh Ali Gul, First Teacher Phalron","M. Charagh Ali Gul, First Teacher Phalron",publisher,1,1000,1,1
publisher:Rai Sahib M. Gulab Singh and Sons,Rai Sahib M. Gulab Singh and Sons,publisher,1,5000,1,1
"publisher:B. Sant Singh, Gyani","B. Sant Singh, Gyani",publisher,1,1000,1,1
publisher:The Roman Catholic Bishop,The Roman Catholic Bishop,publisher,1,2000,1,1
publisher:Harnam Singh and Kehar Singh,Harnam Singh and Kehar Singh,publisher,1,500,1,1
publisher:Haji Charagh Din-Siraj-ud-din,Haji Charagh Din-Siraj-ud-din,publisher,1,3000,1,1
publisher:M. Moli Khan of Phaglana,M. Moli Khan of Phaglana,publisher,1,500,1,1
publisher:Shol Das and Co.,Shol Das and Co.,publisher,1,2000,1,1
publisher:The Sanatan Dharam Sabha,The Sanatan Dharam Sabha,publisher,1,500,1,1
"publisher:Shamas-ud-din, Manawar-ud-din and Hamid-ud-din","Shamas-ud-din, Manawar-ud-din and Hamid-ud-din",publisher,1,1000,1,1
publisher:Bhai Hari Singh,Bhai Hari Singh,publisher,1,4000,1,1
publisher:Shol Das & Co.,Shol Das & Co.,publisher,1,1000,1,1
publisher:Diwan Wazir Singh,Diwan Wazir Singh,publisher,1,1000,1,1
publisher:Jot Singh-Sant Singh,Jot Singh-Sant Singh,publisher,1,1500,1,1
publisher:Haji Charagh-ud din-Siraj ud din,Haji Charagh-ud din-Siraj ud din,publisher,1,3000,1,1
publisher:Haji Charagh-ud din-Siraj-ud-din,Haji Charagh-ud din-Siraj-ud-din,publisher,1,1000,1,1
publisher:Lala Ram Kishen,Lala Ram Kishen,publisher,1,1000,1,1
publisher:M. Muhammad Insha Ullah,M. Muhammad Insha Ullah,publisher,1,500,1,1
publisher:Ghanaya Lal,Ghanaya Lal,publisher,1,550,1,1
"publisher:The Manager, Maqbul-i-A'm Press","The Manager, Maqbul-i-A'm Press",publisher,1,500,1,1
publisher:Bhai Dayal Singh and Sons,Bhai Dayal Singh and Sons,publisher,1,1000,1,1
publisher:The Vakil Trading Company Limited,The Vakil Trading Company Limited,publisher,1,2000,1,1
publisher:Lala Lachhman Das Ahuja,Lala Lachhman Das Ahuja,publisher,1,1000,1,1
printer:Makhzan Press,Makhzan Press,printer,1,700,1,1
publisher:Shaikh Muhammad Ikram,Shaikh Muhammad Ikram,publisher,1,700,1,1
publisher:L. Lachhman Das,L. Lachhman Das,publisher,1,1000,1,1
publisher:Sayad Makbul Husain,Sayad Makbul Husain,publisher,1,500,1,1
publisher:L. Ram Kishan,L. Ram Kishan,publisher,1,1000,1,1
publisher:Lala Mul Chand,Lala Mul Chand,publisher,1,1000,1,1
"publisher:Shaikh Ghulam Rasul, Superintendent, Rast Guftar Press","Shaikh Ghulam Rasul, Superintendent, Rast Guftar Press",publisher,1,375,1,1
publisher:Thakar Sukhram Das,Thakar Sukhram Das,publisher,1,1000,1,1
publisher:L. Ram Nath,L. Ram Nath,publisher,1,750,1,1
printer:Public Press,Public Press,printer,1,500,1,1
"publisher:Muhammad Shujaullah, Editor, 'Millat'","Muhammad Shujaullah, Editor, 'Millat'",publisher,1,500,1,1
publisher:Nawazish Ali Khan,Nawazish Ali Khan,publisher,1,500,1,1
publisher:Haji Charagh-ud-din-Siraj-ud-din,Haji Charagh-ud-din-Siraj-ud-din,publisher,1,2000,1,1
"publisher:Maulvi Sana Ullah, Secretary of the Company","Maulvi Sana Ullah, Secretary of the Company",publisher,1,0,1,1
"publisher:Shamas-ud-din, Munawar-ud-din, Hamid-ud-din","Shamas-ud-din, Munawar-ud-din, Hamid-ud-din",publisher,1,2000,1,1
publisher:Lala Ram Saran Das,Lala Ram Saran Das,publisher,1,200,1,1
"publisher:B. Arur Singh, of Budhi","B. Arur Singh, of Budhi",publisher,1,2000,1,1
publisher:R. B. Lala Lal Chand,R. B. Lala Lal Chand,publisher,1,1000,1,1
publisher:Mehta Girdhari Lal,Mehta Girdhari Lal,publisher,1,100,1,1
"publisher:Shams-ud-din Khan, General Secretary of the Anjuman","Shams-ud-din Khan, General Secretary of the Anjuman",publisher,1,500,1,1
"publisher:Qazi Ali Ahmad, Secretary of the Anjuman","Qazi Ali Ahmad, Secretary of the Anjuman",publisher,1,800,1,1
publisher:The Secretary of the Orphanage,The Secretary of the Orphanage,publisher,1,1000,1,1
"publisher:Lala Sita Ram and Sain Das, Cloth Merchants","Lala Sita Ram and Sain Das, Cloth Merchants",publisher,1,1500,1,1
"publisher:Ajudhiya Prashad, B. A., Secretary of the Sabha","Ajudhiya Prashad, B. A., Secretary of the Sabha",publisher,1,500,1,1
"publisher:Sri Ram, First Teacher, Kangath, Tahsil Nurpur, Kangra district, Secretary of the Association","Sri Ram, First Teacher, Kangath, Tahsil Nurpur, Kangra district, Secretary of the Association",publisher,1,200,1,1
"publisher:B. Raj Bal, B. A.","B. Raj Bal, B. A.",publisher,1,1000,1,1
publisher:Rai Kidar Nath,Rai Kidar Nath,publisher,1,2000,1,1
publisher:Gulab Singh & Sons,Gulab Singh & Sons,publisher,1,10000,1,1
publisher:Shaikh Muhammad Bakhsh and Fazl Husain,Shaikh Muhammad Bakhsh and Fazl Husain,publisher,1,1000,1,1
publisher:Munshi Hira Lal and Sons,Munshi Hira Lal and Sons,publisher,1,200,1,1
publisher:Shaikh Alah Bakhsh Ilahi Bakhsh,Shaikh Alah Bakhsh Ilahi Bakhsh,publisher,1,1000,1,1
publisher:Muhammad Nawab Mirza,Muhammad Nawab Mirza,publisher,1,500,1,1
"publisher:Lala Sri Ram, M. A., Munsif","Lala Sri Ram, M. A., Munsif",publisher,1,1300,1,1
"publisher:Compiled and published by Qazi Ghulam Muhi-ud-din, Akhgar, Editor ""Al-Aziz""","Compiled and published by Qazi Ghulam Muhi-ud-din, Akhgar, Editor ""Al-Aziz""",publisher,1,350,1,1
publisher:Shaikh Muhammad Bakhsh Fazl-i-Husain,Shaikh Muhammad Bakhsh Fazl-i-Husain,publisher,1,1000,1,1
publisher:Malak Fazl-ud-din Chanan Din and Taj-ud-din,Malak Fazl-ud-din Chanan Din and Taj-ud-din,publisher,1,3000,1,1
publisher:Labhu Ram,Labhu Ram,publisher,1,500,1,1
publisher:The Punjab Religious Book Society,The Punjab Religious Book Society,publisher,1,1000,1,1
printer:Dar-ut-Taba-i-Sarkar-i-Ali,Dar-ut-Taba-i-Sarkar-i-Ali,printer,1,2000,0,0
publisher:Muhammad Ayyub,Muhammad Ayyub,publisher,1,1500,1,1
publisher:Amir Muhammad,Amir Muhammad,publisher,1,1500,1,1
printer:Mahbubul Matabi,Mahbubul Matabi,printer,1,1600,1,1
publisher:Mahbub Beg,Mahbub Beg,publisher,1,1600,1,1
publisher:Hafiz Shamas-ud-din Munawar-ud-din,Hafiz Shamas-ud-din Munawar-ud-din,publisher,1,5000,1,1
publisher:Haji Charagh-ud-din Siraj-ud-din,Haji Charagh-ud-din Siraj-ud-din,publisher,1,1000,1,1
printer:Razwi Press,Razwi Press,printer,1,500,0,0
"publisher:The Commentator, Proprietor and Editor of the ""Watan""","The Commentator, Proprietor and Editor of the ""Watan""",publisher,1,500,1,1
"publisher:The commentator who is editor of the ""Watan""","The commentator who is editor of the ""Watan""",publisher,1,500,1,1
"publisher:Umed Singh Musaddi Lal, Jaini","Umed Singh Musaddi Lal, Jaini",publisher,1,1000,1,1
"publisher:The Manager, Maqbul-i-'Am Press","The Manager, Maqbul-i-'Am Press",publisher,1,500,1,1
"publisher:Sayad Qutab Ali Shah, Pir","Sayad Qutab Ali Shah, Pir",publisher,1,250,1,1
publisher:The Bharat House,The Bharat House,publisher,1,5000,1,1
publisher:Maulvi Fateh Muhammad,Maulvi Fateh Muhammad,publisher,1,1000,1,1
publisher:The Secretary of the Tund named,The Secretary of the Tund named,publisher,1,900,1,1
"publisher:Edited by Lala Jagan Nath, Ferozepore, and published by the Secretary, Orphanage, Ferozepore","Edited by Lala Jagan Nath, Ferozepore, and published by the Secretary, Orphanage, Ferozepore",publisher,1,500,1,1
"publisher:Gauri Shankar Lal, Manager, Sadhu and Tatv Darshi","Gauri Shankar Lal, Manager, Sadhu and Tatv Darshi",publisher,1,1000,1,1
printer:Albert Press,Albert Press,printer,1,50,0,0
publisher:The Students' Own Agency,The Students' Own Agency,publisher,1,1000,1,1
publisher:The Punjab Hindu Sabha,The Punjab Hindu Sabha,publisher,1,2000,1,1
publisher:B. Jot Singh and Sant Singh,B. Jot Singh and Sant Singh,publisher,1,4000,1,1
publisher:Lala Salig Ram,Lala Salig Ram,publisher,1,1000,1,1
publisher:Mahashaya Bora Ram,Mahashaya Bora Ram,publisher,1,1000,1,1
publisher:The Secretary of the School Committee,The Secretary of the School Committee,publisher,1,250,1,1
"publisher:The Nagari Pracharni Company, Limited","The Nagari Pracharni Company, Limited",publisher,1,1100,1,1
publisher:The Dev Samaj,The Dev Samaj,publisher,1,500,1,1
"publisher:The Librarian, Arya Samaj, Wachhowali","The Librarian, Arya Samaj, Wachhowali",publisher,1,3000,1,1
publisher:B. Shiv Das,B. Shiv Das,publisher,1,2000,1,1
publisher:P. Tirath Ram,P. Tirath Ram,publisher,1,1000,1,1
publisher:Translated and published by B. Sundar Singh,Translated and published by B. Sundar Singh,publisher,1,1100,1,1
publisher:Lala Maghi Ram and Sant Ram,Lala Maghi Ram and Sant Ram,publisher,1,1000,1,1
"publisher:B. Sadhu Singh, Sewa Singh","B. Sadhu Singh, Sewa Singh",publisher,1,5000,1,1
"publisher:Sardar Bal Singh, Subedar-Major, President, Khalsa Diwan, Malaya","Sardar Bal Singh, Subedar-Major, President, Khalsa Diwan, Malaya",publisher,1,1000,1,1
publisher:The Punjabi Pracharak Book Agency,The Punjabi Pracharak Book Agency,publisher,1,1000,1,1
"publisher:B. Jot Singh, Sant Sigh","B. Jot Singh, Sant Sigh",publisher,1,1000,1,1
publisher:B. Ladha Singh and Son,B. Ladha Singh and Son,publisher,1,1000,1,1
publisher:P. Lok Ram,P. Lok Ram,publisher,1,1000,1,1
publisher:Sant Mahant Jawahar Singh,Sant Mahant Jawahar Singh,publisher,1,1000,1,1
publisher:The Khalsa Bhuyangani Diwan,The Khalsa Bhuyangani Diwan,publisher,1,3000,1,1
"publisher:The Khalsa Sat Sang Sabha, Chirk, District Ferozepore","The Khalsa Sat Sang Sabha, Chirk, District Ferozepore",publisher,1,1000,1,1
"publisher:B. Bal Singh, Subedar-Major, President, Khalsa Diwan, Malaya","B. Bal Singh, Subedar-Major, President, Khalsa Diwan, Malaya",publisher,1,1000,1,1
printer:McKey Press,McKey Press,printer,1,1000,0,0
publisher:Shaikh Abdul Rahman Habib-ur-Rahman,Shaikh Abdul Rahman Habib-ur-Rahman,publisher,1,1000,1,1
publisher:B. Atar Singh and Sons,B. Atar Singh and Sons,publisher,1,550,1,1
publisher:Ali Bakhsh,Ali Bakhsh,publisher,1,20000,1,1
publisher:B. Sita Ram,B. Sita Ram,publisher,1,1000,1,1
publisher:Shaikh Abdur Rahman Habib-ur-Rahman,Shaikh Abdur Rahman Habib-ur-Rahman,publisher,1,1000,1,1
publisher:B. Girdhari Lal,B. Girdhari Lal,publisher,1,500,1,1
"publisher:B. Ram Nath, Anand Prakash Press","B. Ram Nath, Anand Prakash Press",publisher,1,1100,1,1
publisher:Hafiz Muhammad Din and Sons,Hafiz Muhammad Din and Sons,publisher,1,1000,1,1
publisher:Shaikh Muhammad Din and Hafiz Abdur Rahman,Shaikh Muhammad Din and Hafiz Abdur Rahman,publisher,1,1000,1,1
publisher:Karm-ud-din,Karm-ud-din,publisher,1,1000,1,1
publisher:B. Bisakha Singh,B. Bisakha Singh,publisher,1,2000,1,1
"publisher:Mistri Batan Singh, Dosanjh Khurd, district Jullundur","Mistri Batan Singh, Dosanjh Khurd, district Jullundur",publisher,1,1000,1,1
publisher:B. Kirpal Singh Matab Singh,B. Kirpal Singh Matab Singh,publisher,1,1000,1,1
publisher:Mian Fazl-i-Karim and Khair-ud-din,Mian Fazl-i-Karim and Khair-ud-din,publisher,1,3000,1,1
publisher:Maulavi Nur Ahmad,Maulavi Nur Ahmad,publisher,1,1500,1,1
"publisher:P. Roda Ram, Balmukand Press","P. Roda Ram, Balmukand Press",publisher,1,2000,1,1
printer:Anand Prakash and Mujaddidi Presses,Anand Prakash and Mujaddidi Presses,printer,1,1000,1,1
publisher:Atar Singh and Sons,Atar Singh and Sons,publisher,1,1000,1,1
publisher:Lala Ram Das,Lala Ram Das,publisher,1,1000,1,1
publisher:Lala Ram Das and Brother,Lala Ram Das and Brother,publisher,1,1000,1,1
"publisher:Munshi Ram, Aggarwal","Munshi Ram, Aggarwal",publisher,1,500,1,1
publisher:The Azad Book Depot,The Azad Book Depot,publisher,1,2000,1,1
publisher:M. Hukam Chand (compiler),M. Hukam Chand (compiler),publisher,1,1000,1,1
publisher:Lala Ram Nath,Lala Ram Nath,publisher,1,550,1,1
publisher:Lala Kesho Ram,Lala Kesho Ram,publisher,1,500,1,1
"publisher:The Manager, Newal Kishore Press","The Manager, Newal Kishore Press",publisher,1,7000,1,1
"publisher:The Sanyasi Ashram, Sargodha, Punjab","The Sanyasi Ashram, Sargodha, Punjab",publisher,1,10000,1,1
"publisher:Lala Ishar Das, Manager, Suraj Prakash Medical Hall","Lala Ishar Das, Manager, Suraj Prakash Medical Hall",publisher,1,5000,1,1
"publisher:Sanyasi Ashram, Sargodha, Punjab","Sanyasi Ashram, Sargodha, Punjab",publisher,1,10000,1,1
"publisher:Lala Harji Mal, Banker","Lala Harji Mal, Banker",publisher,1,1000,1,1
publisher:Mian Karam Din,Mian Karam Din,publisher,1,1000,1,1
"publisher:Seth Chuhar Lal, Banker","Seth Chuhar Lal, Banker",publisher,1,1000,1,1
"publisher:Dr. Pars Ram, Managing Director of the Fund","Dr. Pars Ram, Managing Director of the Fund",publisher,1,1000,1,1
publisher:Master Jagat Singh,Master Jagat Singh,publisher,1,1000,1,1
publisher:The Anjuman-i-Hami-i-Hunar-mandan,The Anjuman-i-Hami-i-Hunar-mandan,publisher,1,1000,1,1
"publisher:Lala Ram Kishan, Hakim","Lala Ram Kishan, Hakim",publisher,1,1000,1,1
"publisher:M. Muhammad Ali, Secretary of the Anjuman","M. Muhammad Ali, Secretary of the Anjuman",publisher,1,800,1,1
"publisher:L. Divan Chand, Proprietor, Kutabkhana T. C. Gujrati","L. Divan Chand, Proprietor, Kutabkhana T. C. Gujrati",publisher,1,1000,1,1
publisher:B. Tirath Ram,B. Tirath Ram,publisher,1,1000,1,1
printer:Islamia Press and Central Printing Works,Islamia Press and Central Printing Works,printer,1,1000,0,0
"publisher:L. Diwan Chand, Proprietor, Kutabkhana T. C. Gujrati","L. Diwan Chand, Proprietor, Kutabkhana T. C. Gujrati",publisher,1,1000,1,1
publisher:Mahant Fateh Chand,Mahant Fateh Chand,publisher,1,1000,1,1
publisher:B. Jot Singh Sant-Singh,B. Jot Singh Sant-Singh,publisher,1,1000,1,1
publisher:Lala Labhu Ram,Lala Labhu Ram,publisher,1,500,1,1
"publisher:The Aryan Printing, Publishing and General Trading Company","The Aryan Printing, Publishing and General Trading Company",publisher,1,2000,1,1
publisher:M. Muhammad Azim,M. Muhammad Azim,publisher,1,1000,1,1
publisher:Shriman Dev Ratan,Shriman Dev Ratan,publisher,1,1000,1,1
publisher:Bhai Gurdayal Singh,Bhai Gurdayal Singh,publisher,1,1000,1,1
"publisher:Muhammad Insha-Ullah, Editor of the 'Watan'","Muhammad Insha-Ullah, Editor of the 'Watan'",publisher,1,500,1,1
publisher:Mistri Abdullah,Mistri Abdullah,publisher,1,250,1,1
publisher:M. Abu Muhammad Ahmad,M. Abu Muhammad Ahmad,publisher,1,500,1,1
publisher:Hakim Muhammad Abdul Aziz,Hakim Muhammad Abdul Aziz,publisher,1,1000,1,1
publisher:B. Gayan Chand,B. Gayan Chand,publisher,1,1000,1,1
publisher:Lala Ramditta Mal,Lala Ramditta Mal,publisher,1,1000,1,1
"publisher:Pandit Dev Datta, Sharma","Pandit Dev Datta, Sharma",publisher,1,1000,1,1
publisher:Babu Shiva Brat Lal,Babu Shiva Brat Lal,publisher,1,2000,1,1
