quarter,page,serial,language,title,copies,reg
1910Q1,10,8,Punjabi,"'Sikh Parivar Sahaik Deg' arthat 'Sikh Family Relief Fund,' Head Office Gujranwala.—'Vidya Sahaik Fund' de Sankhep ate Sadhran Samachar",1000,167
1910Q2,42,1,Hindi,Monthly Circular Punjab Praspar Hindu Kutanb Sahaik Bhandar Lahore ka Masik Patr,500,403
1910Q2,42,2,Hindi,"Monthly Circular Punjab Praspar Hindu Kutanb Sahaik Bhandar, No. 11, for February, 1910",550,411
1910Q2,42,3,Hindi,"Monthly Circular Punjab Praspar Hindu Kutanb Sahaik Bhandar, No. 12, for March, 1910",650,419
1910Q2,42,3,Punjabi,Monthly Circular Punjab Praspar Hindu Kutanb Sahaik Bhandar Lahore da Mahwari Rasala,600,404
1910Q2,29,64,Urdu,Report (Bharat Insurance and Mutual Relief Fund),1000,445
1910Q2,43,3,Urdu,"Monthly Circular of the Punjab Hindu Family Mutual Relief Fund, Lahore, Volume XIV, No. 10, for the month of January 1910",250,402
1910Q3,54,4,Hindi,Monthly Circular Punjab Praspar Hindu Kutamb Sahaik Bhandar Lahore ka Masik Patr,800,778
1910Q3,54,5,Hindi,"Monthly Circular Punjab Praspar Hindu Kutamb Sahaik Bhandar, Volume IX, No. 1, for May, 1910",800,781
1910Q3,54,6,Hindi,"Monthly Circular Punjab Praspar Hindu Kutamb Sahaik Bhandar, Volume IX, No. I, for June, 1910",900,876
1910Q3,54,7,Hindi,"Monthly Circular Punjab Praspar Hindu Kutamb Sahaik Bhandar, Volume IX, No. 4 for July 1910",900,1090
1910Q3,54,7,Punjabi,Monthly Circular Punjab Praspar Hindu Kutamb Sahaik Bhandar Lahore da Mahwari Rasala,900,779
1910Q3,54,8,Punjabi,"Monthly Circular Punjab Praspar Hindu Kutamb Sahaik Bhandar, Volume VIII, No. 2, for May, 1910",1000,782
1910Q3,54,9,Punjabi,"Monthly Circular Punjab Praspar Hindu Kutamb Sahaik Bhandar, Volume VIII, No. 3, for June, 1910",1100,877
1910Q3,54,10,Punjabi,"Monthly Circular Punjab Praspar Hindu Kutamb Sahaik Bhandar, Volume VIII, No. 4 for July, 1910",1050,1091
1910Q3,56,9,Urdu,"Monthly Circular of the Punjab Hindu Family Mutual Relief Fund, Lahore, Volume XV, No. 1, for April, 1910",5000,777
1910Q3,56,10,Urdu,"Monthly Circular of the Punjab Hindu Family Mutual Relief Fund, No. 2, for May, 1910",5000,780
1910Q3,56,11,Urdu,"Monthly Circular of the Punjab Hindu Family Mutual Relief Fund, No. 3, for June, 1910",8000,875
1910Q3,56,12,Urdu,"Monthly Circular of the Punjab Hindu Family Mutual Relief Fund, No. 4, for July, 1910",6000,1089
1910Q4,37,8,Hindi,"Monthly Circular Punjab Praspar Hindu Kutamb Sahayak Bhandar, Lahore, ka Masik Patr",950,1240
1910Q4,37,0,Punjabi,"Monthly Circular Punjab Praspar Hindu Kutamb, Sahaik Bhandar, Lahore, da Mahwari Rasala",1050,1241
1910Q4,38,15,Urdu,"Monthly Circular of the Punjab Hindu Family Mutual Relief Fund, Lahore, Volume XV, No. 5, for the month of August, 1910",6000,1239
